<annotation>
	<folder>My labelled images</folder>
	<filename>1001.jpg</filename>
	<path>C:\Surendra New PC\Surendra User\Personal\Learning folder\Machine Learning\DT UK ML\images\My labelled images\1001.jpg</path>
	<source>
		<database>Unknown</database>
	</source>
	<size>
		<width>800</width>
		<height>600</height>
		<depth>3</depth>
	</size>
	<segmented>0</segmented>
	<object>
		<name>danger</name>
		<pose>Unspecified</pose>
		<truncated>0</truncated>
		<difficult>0</difficult>
		<bndbox>
			<xmin>586</xmin>
			<ymin>204</ymin>
			<xmax>785</xmax>
			<ymax>382</ymax>
		</bndbox>
	</object>
	<object>
		<name>danger</name>
		<pose>Unspecified</pose>
		<truncated>0</truncated>
		<difficult>0</difficult>
		<bndbox>
			<xmin>582</xmin>
			<ymin>200</ymin>
			<xmax>782</xmax>
			<ymax>388</ymax>
		</bndbox>
	</object>
</annotation>
