<annotation>
	<folder>My labelled images</folder>
	<filename>1006.jpg</filename>
	<path>C:\Surendra New PC\Surendra User\Personal\Learning folder\Machine Learning\DT UK ML\images\My labelled images\1006.jpg</path>
	<source>
		<database>Unknown</database>
	</source>
	<size>
		<width>800</width>
		<height>600</height>
		<depth>3</depth>
	</size>
	<segmented>0</segmented>
	<object>
		<name>cycle_route</name>
		<pose>Unspecified</pose>
		<truncated>0</truncated>
		<difficult>0</difficult>
		<bndbox>
			<xmin>682</xmin>
			<ymin>214</ymin>
			<xmax>734</xmax>
			<ymax>297</ymax>
		</bndbox>
	</object>
	<object>
		<name>pedestrian_crossing_ahead</name>
		<pose>Unspecified</pose>
		<truncated>0</truncated>
		<difficult>0</difficult>
		<bndbox>
			<xmin>730</xmin>
			<ymin>219</ymin>
			<xmax>765</xmax>
			<ymax>298</ymax>
		</bndbox>
	</object>
</annotation>
