<annotation>
	<folder>My labelled images</folder>
	<filename>1009.jpg</filename>
	<path>C:\Surendra New PC\Surendra User\Personal\Learning folder\Machine Learning\DT UK ML\images\My labelled images\1009.jpg</path>
	<source>
		<database>Unknown</database>
	</source>
	<size>
		<width>800</width>
		<height>600</height>
		<depth>3</depth>
	</size>
	<segmented>0</segmented>
	<object>
		<name>green_light</name>
		<pose>Unspecified</pose>
		<truncated>0</truncated>
		<difficult>0</difficult>
		<bndbox>
			<xmin>581</xmin>
			<ymin>222</ymin>
			<xmax>608</xmax>
			<ymax>250</ymax>
		</bndbox>
	</object>
	<object>
		<name>keep_left</name>
		<pose>Unspecified</pose>
		<truncated>0</truncated>
		<difficult>0</difficult>
		<bndbox>
			<xmin>540</xmin>
			<ymin>167</ymin>
			<xmax>574</xmax>
			<ymax>211</ymax>
		</bndbox>
	</object>
	<object>
		<name>no_truck</name>
		<pose>Unspecified</pose>
		<truncated>0</truncated>
		<difficult>0</difficult>
		<bndbox>
			<xmin>484</xmin>
			<ymin>189</ymin>
			<xmax>531</xmax>
			<ymax>247</ymax>
		</bndbox>
	</object>
</annotation>
