<annotation>
	<folder>My labelled images</folder>
	<filename>1030.jpg</filename>
	<path>C:\Surendra New PC\Surendra User\Personal\Learning folder\Machine Learning\DT UK ML\images\My labelled images\1030.jpg</path>
	<source>
		<database>Unknown</database>
	</source>
	<size>
		<width>800</width>
		<height>600</height>
		<depth>3</depth>
	</size>
	<segmented>0</segmented>
	<object>
		<name>warning</name>
		<pose>Unspecified</pose>
		<truncated>0</truncated>
		<difficult>0</difficult>
		<bndbox>
			<xmin>307</xmin>
			<ymin>320</ymin>
			<xmax>497</xmax>
			<ymax>435</ymax>
		</bndbox>
	</object>
	<object>
		<name>no_cross_line</name>
		<pose>Unspecified</pose>
		<truncated>0</truncated>
		<difficult>0</difficult>
		<bndbox>
			<xmin>313</xmin>
			<ymin>227</ymin>
			<xmax>489</xmax>
			<ymax>315</ymax>
		</bndbox>
	</object>
</annotation>
