<annotation>
	<folder>My labelled images</folder>
	<filename>1037.jpg</filename>
	<path>C:\Surendra New PC\Surendra User\Personal\Learning folder\Machine Learning\DT UK ML\images\My labelled images\1037.jpg</path>
	<source>
		<database>Unknown</database>
	</source>
	<size>
		<width>800</width>
		<height>600</height>
		<depth>3</depth>
	</size>
	<segmented>0</segmented>
	<object>
		<name>red_light</name>
		<pose>Unspecified</pose>
		<truncated>0</truncated>
		<difficult>0</difficult>
		<bndbox>
			<xmin>434</xmin>
			<ymin>111</ymin>
			<xmax>593</xmax>
			<ymax>228</ymax>
		</bndbox>
	</object>
	<object>
		<name>yellow_light</name>
		<pose>Unspecified</pose>
		<truncated>0</truncated>
		<difficult>0</difficult>
		<bndbox>
			<xmin>447</xmin>
			<ymin>240</ymin>
			<xmax>600</xmax>
			<ymax>343</ymax>
		</bndbox>
	</object>
</annotation>
