<annotation>
	<folder>My labelled images</folder>
	<filename>1048.jpg</filename>
	<path>C:\Surendra New PC\Surendra User\Personal\Learning folder\Machine Learning\DT UK ML\images\My labelled images\1048.jpg</path>
	<source>
		<database>Unknown</database>
	</source>
	<size>
		<width>800</width>
		<height>600</height>
		<depth>3</depth>
	</size>
	<segmented>0</segmented>
	<object>
		<name>green_light</name>
		<pose>Unspecified</pose>
		<truncated>0</truncated>
		<difficult>0</difficult>
		<bndbox>
			<xmin>225</xmin>
			<ymin>214</ymin>
			<xmax>278</xmax>
			<ymax>266</ymax>
		</bndbox>
	</object>
	<object>
		<name>one_way</name>
		<pose>Unspecified</pose>
		<truncated>0</truncated>
		<difficult>0</difficult>
		<bndbox>
			<xmin>246</xmin>
			<ymin>284</ymin>
			<xmax>313</xmax>
			<ymax>335</ymax>
		</bndbox>
	</object>
</annotation>
