<annotation>
	<folder>My labelled images</folder>
	<filename>1054.jpg</filename>
	<path>C:\Surendra New PC\Surendra User\Personal\Learning folder\Machine Learning\DT UK ML\images\My labelled images\1054.jpg</path>
	<source>
		<database>Unknown</database>
	</source>
	<size>
		<width>800</width>
		<height>600</height>
		<depth>3</depth>
	</size>
	<segmented>0</segmented>
	<object>
		<name>stop</name>
		<pose>Unspecified</pose>
		<truncated>0</truncated>
		<difficult>0</difficult>
		<bndbox>
			<xmin>83</xmin>
			<ymin>169</ymin>
			<xmax>154</xmax>
			<ymax>284</ymax>
		</bndbox>
	</object>
	<object>
		<name>stop</name>
		<pose>Unspecified</pose>
		<truncated>0</truncated>
		<difficult>0</difficult>
		<bndbox>
			<xmin>599</xmin>
			<ymin>205</ymin>
			<xmax>640</xmax>
			<ymax>268</ymax>
		</bndbox>
	</object>
	<object>
		<name>no_crossing</name>
		<pose>Unspecified</pose>
		<truncated>0</truncated>
		<difficult>0</difficult>
		<bndbox>
			<xmin>67</xmin>
			<ymin>42</ymin>
			<xmax>179</xmax>
			<ymax>158</ymax>
		</bndbox>
	</object>
	<object>
		<name>no_crossing</name>
		<pose>Unspecified</pose>
		<truncated>0</truncated>
		<difficult>0</difficult>
		<bndbox>
			<xmin>583</xmin>
			<ymin>140</ymin>
			<xmax>648</xmax>
			<ymax>204</ymax>
		</bndbox>
	</object>
</annotation>
