<annotation>
	<folder>My labelled images</folder>
	<filename>1063.jpg</filename>
	<path>C:\Surendra New PC\Surendra User\Personal\Learning folder\Machine Learning\DT UK ML\images\My labelled images\1063.jpg</path>
	<source>
		<database>Unknown</database>
	</source>
	<size>
		<width>800</width>
		<height>600</height>
		<depth>3</depth>
	</size>
	<segmented>0</segmented>
	<object>
		<name>overflow_parking</name>
		<pose>Unspecified</pose>
		<truncated>0</truncated>
		<difficult>0</difficult>
		<bndbox>
			<xmin>524</xmin>
			<ymin>22</ymin>
			<xmax>647</xmax>
			<ymax>139</ymax>
		</bndbox>
	</object>
	<object>
		<name>stop</name>
		<pose>Unspecified</pose>
		<truncated>0</truncated>
		<difficult>0</difficult>
		<bndbox>
			<xmin>72</xmin>
			<ymin>200</ymin>
			<xmax>105</xmax>
			<ymax>234</ymax>
		</bndbox>
	</object>
</annotation>
