<annotation>
	<folder>My labelled images</folder>
	<filename>1068.jpg</filename>
	<path>C:\Surendra New PC\Surendra User\Personal\Learning folder\Machine Learning\DT UK ML\images\My labelled images\1068.jpg</path>
	<source>
		<database>Unknown</database>
	</source>
	<size>
		<width>800</width>
		<height>600</height>
		<depth>3</depth>
	</size>
	<segmented>0</segmented>
	<object>
		<name>green_light</name>
		<pose>Unspecified</pose>
		<truncated>0</truncated>
		<difficult>0</difficult>
		<bndbox>
			<xmin>556</xmin>
			<ymin>133</ymin>
			<xmax>613</xmax>
			<ymax>163</ymax>
		</bndbox>
	</object>
	<object>
		<name>keep_left</name>
		<pose>Unspecified</pose>
		<truncated>0</truncated>
		<difficult>0</difficult>
		<bndbox>
			<xmin>324</xmin>
			<ymin>151</ymin>
			<xmax>350</xmax>
			<ymax>184</ymax>
		</bndbox>
	</object>
</annotation>
