<annotation>
	<folder>My labelled images</folder>
	<filename>1087.jpg</filename>
	<path>C:\Surendra New PC\Surendra User\Personal\Learning folder\Machine Learning\DT UK ML\images\My labelled images\1087.jpg</path>
	<source>
		<database>Unknown</database>
	</source>
	<size>
		<width>800</width>
		<height>600</height>
		<depth>3</depth>
	</size>
	<segmented>0</segmented>
	<object>
		<name>bus_stop</name>
		<pose>Unspecified</pose>
		<truncated>0</truncated>
		<difficult>0</difficult>
		<bndbox>
			<xmin>574</xmin>
			<ymin>58</ymin>
			<xmax>728</xmax>
			<ymax>154</ymax>
		</bndbox>
	</object>
	<object>
		<name>no_car_bike_stop</name>
		<pose>Unspecified</pose>
		<truncated>0</truncated>
		<difficult>0</difficult>
		<bndbox>
			<xmin>383</xmin>
			<ymin>93</ymin>
			<xmax>480</xmax>
			<ymax>174</ymax>
		</bndbox>
	</object>
</annotation>
