<annotation>
	<folder>My labelled images</folder>
	<filename>1088.jpg</filename>
	<path>C:\Surendra New PC\Surendra User\Personal\Learning folder\Machine Learning\DT UK ML\images\My labelled images\1088.jpg</path>
	<source>
		<database>Unknown</database>
	</source>
	<size>
		<width>800</width>
		<height>600</height>
		<depth>3</depth>
	</size>
	<segmented>0</segmented>
	<object>
		<name>red_light</name>
		<pose>Unspecified</pose>
		<truncated>0</truncated>
		<difficult>0</difficult>
		<bndbox>
			<xmin>298</xmin>
			<ymin>228</ymin>
			<xmax>320</xmax>
			<ymax>260</ymax>
		</bndbox>
	</object>
	<object>
		<name>red_light</name>
		<pose>Unspecified</pose>
		<truncated>0</truncated>
		<difficult>0</difficult>
		<bndbox>
			<xmin>452</xmin>
			<ymin>230</ymin>
			<xmax>475</xmax>
			<ymax>262</ymax>
		</bndbox>
	</object>
</annotation>
