<annotation>
	<folder>My labelled images</folder>
	<filename>1092.jpg</filename>
	<path>C:\Surendra New PC\Surendra User\Personal\Learning folder\Machine Learning\DT UK ML\images\My labelled images\1092.jpg</path>
	<source>
		<database>Unknown</database>
	</source>
	<size>
		<width>800</width>
		<height>600</height>
		<depth>3</depth>
	</size>
	<segmented>0</segmented>
	<object>
		<name>parking_motobike</name>
		<pose>Unspecified</pose>
		<truncated>0</truncated>
		<difficult>0</difficult>
		<bndbox>
			<xmin>426</xmin>
			<ymin>18</ymin>
			<xmax>694</xmax>
			<ymax>254</ymax>
		</bndbox>
	</object>
	<object>
		<name>parking_bike</name>
		<pose>Unspecified</pose>
		<truncated>0</truncated>
		<difficult>0</difficult>
		<bndbox>
			<xmin>188</xmin>
			<ymin>243</ymin>
			<xmax>308</xmax>
			<ymax>320</ymax>
		</bndbox>
	</object>
</annotation>
