<annotation>
	<folder>My labelled images</folder>
	<filename>1106.jpg</filename>
	<path>C:\Surendra New PC\Surendra User\Personal\Learning folder\Machine Learning\DT UK ML\images\My labelled images\1106.jpg</path>
	<source>
		<database>Unknown</database>
	</source>
	<size>
		<width>800</width>
		<height>600</height>
		<depth>3</depth>
	</size>
	<segmented>0</segmented>
	<object>
		<name>wild_animals</name>
		<pose>Unspecified</pose>
		<truncated>0</truncated>
		<difficult>0</difficult>
		<bndbox>
			<xmin>92</xmin>
			<ymin>41</ymin>
			<xmax>479</xmax>
			<ymax>369</ymax>
		</bndbox>
	</object>
	<object>
		<name>caution</name>
		<pose>Unspecified</pose>
		<truncated>0</truncated>
		<difficult>0</difficult>
		<bndbox>
			<xmin>84</xmin>
			<ymin>378</ymin>
			<xmax>467</xmax>
			<ymax>537</ymax>
		</bndbox>
	</object>
</annotation>
