<annotation>
	<folder>My labelled images</folder>
	<filename>1108.jpg</filename>
	<path>C:\Surendra New PC\Surendra User\Personal\Learning folder\Machine Learning\DT UK ML\images\My labelled images\1108.jpg</path>
	<source>
		<database>Unknown</database>
	</source>
	<size>
		<width>800</width>
		<height>600</height>
		<depth>3</depth>
	</size>
	<segmented>0</segmented>
	<object>
		<name>straight</name>
		<pose>Unspecified</pose>
		<truncated>0</truncated>
		<difficult>0</difficult>
		<bndbox>
			<xmin>10</xmin>
			<ymin>267</ymin>
			<xmax>86</xmax>
			<ymax>299</ymax>
		</bndbox>
	</object>
	<object>
		<name>straight</name>
		<pose>Unspecified</pose>
		<truncated>0</truncated>
		<difficult>0</difficult>
		<bndbox>
			<xmin>104</xmin>
			<ymin>273</ymin>
			<xmax>172</xmax>
			<ymax>304</ymax>
		</bndbox>
	</object>
	<object>
		<name>straight</name>
		<pose>Unspecified</pose>
		<truncated>0</truncated>
		<difficult>0</difficult>
		<bndbox>
			<xmin>197</xmin>
			<ymin>269</ymin>
			<xmax>256</xmax>
			<ymax>301</ymax>
		</bndbox>
	</object>
	<object>
		<name>straight</name>
		<pose>Unspecified</pose>
		<truncated>0</truncated>
		<difficult>0</difficult>
		<bndbox>
			<xmin>287</xmin>
			<ymin>265</ymin>
			<xmax>347</xmax>
			<ymax>304</ymax>
		</bndbox>
	</object>
	<object>
		<name>keep_right</name>
		<pose>Unspecified</pose>
		<truncated>0</truncated>
		<difficult>0</difficult>
		<bndbox>
			<xmin>379</xmin>
			<ymin>268</ymin>
			<xmax>473</xmax>
			<ymax>318</ymax>
		</bndbox>
	</object>
</annotation>
