<annotation>
	<folder>My labelled images</folder>
	<filename>1114.jpg</filename>
	<path>C:\Surendra New PC\Surendra User\Personal\Learning folder\Machine Learning\DT UK ML\images\My labelled images\1114.jpg</path>
	<source>
		<database>Unknown</database>
	</source>
	<size>
		<width>800</width>
		<height>600</height>
		<depth>3</depth>
	</size>
	<segmented>0</segmented>
	<object>
		<name>no_entry</name>
		<pose>Unspecified</pose>
		<truncated>0</truncated>
		<difficult>0</difficult>
		<bndbox>
			<xmin>477</xmin>
			<ymin>169</ymin>
			<xmax>597</xmax>
			<ymax>288</ymax>
		</bndbox>
	</object>
	<object>
		<name>wrong_way</name>
		<pose>Unspecified</pose>
		<truncated>0</truncated>
		<difficult>0</difficult>
		<bndbox>
			<xmin>476</xmin>
			<ymin>303</ymin>
			<xmax>594</xmax>
			<ymax>381</ymax>
		</bndbox>
	</object>
</annotation>
