<annotation>
	<folder>My labelled images</folder>
	<filename>1117.jpg</filename>
	<path>C:\Surendra New PC\Surendra User\Personal\Learning folder\Machine Learning\DT UK ML\images\My labelled images\1117.jpg</path>
	<source>
		<database>Unknown</database>
	</source>
	<size>
		<width>800</width>
		<height>600</height>
		<depth>3</depth>
	</size>
	<segmented>0</segmented>
	<object>
		<name>speed_35</name>
		<pose>Unspecified</pose>
		<truncated>0</truncated>
		<difficult>0</difficult>
		<bndbox>
			<xmin>246</xmin>
			<ymin>94</ymin>
			<xmax>441</xmax>
			<ymax>263</ymax>
		</bndbox>
	</object>
	<object>
		<name>no_parking_7am_8am</name>
		<pose>Unspecified</pose>
		<truncated>0</truncated>
		<difficult>0</difficult>
		<bndbox>
			<xmin>380</xmin>
			<ymin>404</ymin>
			<xmax>510</xmax>
			<ymax>516</ymax>
		</bndbox>
	</object>
</annotation>
