<annotation>
	<folder>My labelled images</folder>
	<filename>1120.jpg</filename>
	<path>C:\Surendra New PC\Surendra User\Personal\Learning folder\Machine Learning\DT UK ML\images\My labelled images\1120.jpg</path>
	<source>
		<database>Unknown</database>
	</source>
	<size>
		<width>800</width>
		<height>600</height>
		<depth>3</depth>
	</size>
	<segmented>0</segmented>
	<object>
		<name>stop</name>
		<pose>Unspecified</pose>
		<truncated>0</truncated>
		<difficult>0</difficult>
		<bndbox>
			<xmin>348</xmin>
			<ymin>249</ymin>
			<xmax>470</xmax>
			<ymax>402</ymax>
		</bndbox>
	</object>
	<object>
		<name>one_way</name>
		<pose>Unspecified</pose>
		<truncated>0</truncated>
		<difficult>0</difficult>
		<bndbox>
			<xmin>337</xmin>
			<ymin>184</ymin>
			<xmax>480</xmax>
			<ymax>252</ymax>
		</bndbox>
	</object>
</annotation>
