<annotation>
	<folder>My labelled images</folder>
	<filename>1124.jpg</filename>
	<path>C:\Surendra New PC\Surendra User\Personal\Learning folder\Machine Learning\DT UK ML\images\My labelled images\1124.jpg</path>
	<source>
		<database>Unknown</database>
	</source>
	<size>
		<width>800</width>
		<height>600</height>
		<depth>3</depth>
	</size>
	<segmented>0</segmented>
	<object>
		<name>green_light</name>
		<pose>Unspecified</pose>
		<truncated>0</truncated>
		<difficult>0</difficult>
		<bndbox>
			<xmin>93</xmin>
			<ymin>100</ymin>
			<xmax>146</xmax>
			<ymax>174</ymax>
		</bndbox>
	</object>
	<object>
		<name>green_light</name>
		<pose>Unspecified</pose>
		<truncated>0</truncated>
		<difficult>0</difficult>
		<bndbox>
			<xmin>257</xmin>
			<ymin>137</ymin>
			<xmax>295</xmax>
			<ymax>199</ymax>
		</bndbox>
	</object>
</annotation>
