<annotation>
	<folder>My labelled images</folder>
	<filename>1135.jpg</filename>
	<path>C:\Surendra New PC\Surendra User\Personal\Learning folder\Machine Learning\DT UK ML\images\My labelled images\1135.jpg</path>
	<source>
		<database>Unknown</database>
	</source>
	<size>
		<width>800</width>
		<height>600</height>
		<depth>3</depth>
	</size>
	<segmented>0</segmented>
	<object>
		<name>red_light</name>
		<pose>Unspecified</pose>
		<truncated>0</truncated>
		<difficult>0</difficult>
		<bndbox>
			<xmin>625</xmin>
			<ymin>169</ymin>
			<xmax>717</xmax>
			<ymax>212</ymax>
		</bndbox>
	</object>
	<object>
		<name>broadway</name>
		<pose>Unspecified</pose>
		<truncated>0</truncated>
		<difficult>0</difficult>
		<bndbox>
			<xmin>134</xmin>
			<ymin>294</ymin>
			<xmax>451</xmax>
			<ymax>370</ymax>
		</bndbox>
	</object>
</annotation>
