<annotation>
	<folder>My labelled images</folder>
	<filename>1164.jpg</filename>
	<path>C:\Surendra New PC\Surendra User\Personal\Learning folder\Machine Learning\DT UK ML\images\My labelled images\1164.jpg</path>
	<source>
		<database>Unknown</database>
	</source>
	<size>
		<width>800</width>
		<height>600</height>
		<depth>3</depth>
	</size>
	<segmented>0</segmented>
	<object>
		<name>red_light</name>
		<pose>Unspecified</pose>
		<truncated>0</truncated>
		<difficult>0</difficult>
		<bndbox>
			<xmin>737</xmin>
			<ymin>104</ymin>
			<xmax>785</xmax>
			<ymax>144</ymax>
		</bndbox>
	</object>
	<object>
		<name>one_way</name>
		<pose>Unspecified</pose>
		<truncated>0</truncated>
		<difficult>0</difficult>
		<bndbox>
			<xmin>609</xmin>
			<ymin>131</ymin>
			<xmax>698</xmax>
			<ymax>172</ymax>
		</bndbox>
	</object>
	<object>
		<name>one_way</name>
		<pose>Unspecified</pose>
		<truncated>0</truncated>
		<difficult>0</difficult>
		<bndbox>
			<xmin>57</xmin>
			<ymin>146</ymin>
			<xmax>112</xmax>
			<ymax>184</ymax>
		</bndbox>
	</object>
</annotation>
