<annotation>
	<folder>My labelled images</folder>
	<filename>1173.jpg</filename>
	<path>C:\Surendra New PC\Surendra User\Personal\Learning folder\Machine Learning\DT UK ML\images\My labelled images\1173.jpg</path>
	<source>
		<database>Unknown</database>
	</source>
	<size>
		<width>800</width>
		<height>600</height>
		<depth>3</depth>
	</size>
	<segmented>0</segmented>
	<object>
		<name>cycle_route</name>
		<pose>Unspecified</pose>
		<truncated>0</truncated>
		<difficult>0</difficult>
		<bndbox>
			<xmin>535</xmin>
			<ymin>173</ymin>
			<xmax>704</xmax>
			<ymax>467</ymax>
		</bndbox>
	</object>
	<object>
		<name>pedestrian_crossing_ahead</name>
		<pose>Unspecified</pose>
		<truncated>0</truncated>
		<difficult>0</difficult>
		<bndbox>
			<xmin>397</xmin>
			<ymin>169</ymin>
			<xmax>543</xmax>
			<ymax>484</ymax>
		</bndbox>
	</object>
	<object>
		<name>red_light</name>
		<pose>Unspecified</pose>
		<truncated>0</truncated>
		<difficult>0</difficult>
		<bndbox>
			<xmin>223</xmin>
			<ymin>198</ymin>
			<xmax>359</xmax>
			<ymax>394</ymax>
		</bndbox>
	</object>
</annotation>
