<annotation>
	<folder>My labelled images</folder>
	<filename>1177.jpg</filename>
	<path>C:\Surendra New PC\Surendra User\Personal\Learning folder\Machine Learning\DT UK ML\images\My labelled images\1177.jpg</path>
	<source>
		<database>Unknown</database>
	</source>
	<size>
		<width>800</width>
		<height>600</height>
		<depth>3</depth>
	</size>
	<segmented>0</segmented>
	<object>
		<name>no_entry</name>
		<pose>Unspecified</pose>
		<truncated>0</truncated>
		<difficult>0</difficult>
		<bndbox>
			<xmin>165</xmin>
			<ymin>18</ymin>
			<xmax>602</xmax>
			<ymax>278</ymax>
		</bndbox>
	</object>
	<object>
		<name>wrong_way</name>
		<pose>Unspecified</pose>
		<truncated>0</truncated>
		<difficult>0</difficult>
		<bndbox>
			<xmin>179</xmin>
			<ymin>295</ymin>
			<xmax>597</xmax>
			<ymax>432</ymax>
		</bndbox>
	</object>
</annotation>
