<annotation>
	<folder>My labelled images</folder>
	<filename>1181.jpg</filename>
	<path>C:\Surendra New PC\Surendra User\Personal\Learning folder\Machine Learning\DT UK ML\images\My labelled images\1181.jpg</path>
	<source>
		<database>Unknown</database>
	</source>
	<size>
		<width>800</width>
		<height>600</height>
		<depth>3</depth>
	</size>
	<segmented>0</segmented>
	<object>
		<name>road_narrow</name>
		<pose>Unspecified</pose>
		<truncated>0</truncated>
		<difficult>0</difficult>
		<bndbox>
			<xmin>589</xmin>
			<ymin>44</ymin>
			<xmax>723</xmax>
			<ymax>243</ymax>
		</bndbox>
	</object>
	<object>
		<name>equestrian crossing</name>
		<pose>Unspecified</pose>
		<truncated>0</truncated>
		<difficult>0</difficult>
		<bndbox>
			<xmin>600</xmin>
			<ymin>248</ymin>
			<xmax>727</xmax>
			<ymax>429</ymax>
		</bndbox>
	</object>
</annotation>
