<annotation>
	<folder>My labelled images</folder>
	<filename>1191.jpg</filename>
	<path>C:\Surendra New PC\Surendra User\Personal\Learning folder\Machine Learning\DT UK ML\images\My labelled images\1191.jpg</path>
	<source>
		<database>Unknown</database>
	</source>
	<size>
		<width>800</width>
		<height>600</height>
		<depth>3</depth>
	</size>
	<segmented>0</segmented>
	<object>
		<name>one_way</name>
		<pose>Unspecified</pose>
		<truncated>0</truncated>
		<difficult>0</difficult>
		<bndbox>
			<xmin>256</xmin>
			<ymin>244</ymin>
			<xmax>345</xmax>
			<ymax>280</ymax>
		</bndbox>
	</object>
	<object>
		<name>red_light_hand</name>
		<pose>Unspecified</pose>
		<truncated>0</truncated>
		<difficult>0</difficult>
		<bndbox>
			<xmin>230</xmin>
			<ymin>324</ymin>
			<xmax>262</xmax>
			<ymax>361</ymax>
		</bndbox>
	</object>
</annotation>
