<annotation>
	<folder>My labelled images</folder>
	<filename>1201.jpg</filename>
	<path>C:\Surendra New PC\Surendra User\Personal\Learning folder\Machine Learning\DT UK ML\images\My labelled images\1201.jpg</path>
	<source>
		<database>Unknown</database>
	</source>
	<size>
		<width>800</width>
		<height>600</height>
		<depth>3</depth>
	</size>
	<segmented>0</segmented>
	<object>
		<name>westside</name>
		<pose>Unspecified</pose>
		<truncated>0</truncated>
		<difficult>0</difficult>
		<bndbox>
			<xmin>94</xmin>
			<ymin>93</ymin>
			<xmax>752</xmax>
			<ymax>557</ymax>
		</bndbox>
	</object>
	<object>
		<name>serive_autocentre</name>
		<pose>Unspecified</pose>
		<truncated>0</truncated>
		<difficult>0</difficult>
		<bndbox>
			<xmin>198</xmin>
			<ymin>196</ymin>
			<xmax>618</xmax>
			<ymax>334</ymax>
		</bndbox>
	</object>
</annotation>
