<annotation>
	<folder>My labelled images</folder>
	<filename>1204.jpg</filename>
	<path>C:\Surendra New PC\Surendra User\Personal\Learning folder\Machine Learning\DT UK ML\images\My labelled images\1204.jpg</path>
	<source>
		<database>Unknown</database>
	</source>
	<size>
		<width>800</width>
		<height>600</height>
		<depth>3</depth>
	</size>
	<segmented>0</segmented>
	<object>
		<name>red_light</name>
		<pose>Unspecified</pose>
		<truncated>0</truncated>
		<difficult>0</difficult>
		<bndbox>
			<xmin>359</xmin>
			<ymin>80</ymin>
			<xmax>426</xmax>
			<ymax>137</ymax>
		</bndbox>
	</object>
	<object>
		<name>yellow_light</name>
		<pose>Unspecified</pose>
		<truncated>0</truncated>
		<difficult>0</difficult>
		<bndbox>
			<xmin>43</xmin>
			<ymin>180</ymin>
			<xmax>115</xmax>
			<ymax>222</ymax>
		</bndbox>
	</object>
</annotation>
