<annotation>
	<folder>My labelled images</folder>
	<filename>1206.jpg</filename>
	<path>C:\Surendra New PC\Surendra User\Personal\Learning folder\Machine Learning\DT UK ML\images\My labelled images\1206.jpg</path>
	<source>
		<database>Unknown</database>
	</source>
	<size>
		<width>800</width>
		<height>600</height>
		<depth>3</depth>
	</size>
	<segmented>0</segmented>
	<object>
		<name>speed_30</name>
		<pose>Unspecified</pose>
		<truncated>0</truncated>
		<difficult>0</difficult>
		<bndbox>
			<xmin>317</xmin>
			<ymin>9</ymin>
			<xmax>518</xmax>
			<ymax>125</ymax>
		</bndbox>
	</object>
	<object>
		<name>zone_ends</name>
		<pose>Unspecified</pose>
		<truncated>0</truncated>
		<difficult>0</difficult>
		<bndbox>
			<xmin>332</xmin>
			<ymin>125</ymin>
			<xmax>514</xmax>
			<ymax>196</ymax>
		</bndbox>
	</object>
</annotation>
