<annotation>
	<folder>My labelled images</folder>
	<filename>1207.jpg</filename>
	<path>C:\Surendra New PC\Surendra User\Personal\Learning folder\Machine Learning\DT UK ML\images\My labelled images\1207.jpg</path>
	<source>
		<database>Unknown</database>
	</source>
	<size>
		<width>800</width>
		<height>600</height>
		<depth>3</depth>
	</size>
	<segmented>0</segmented>
	<object>
		<name>stop</name>
		<pose>Unspecified</pose>
		<truncated>0</truncated>
		<difficult>0</difficult>
		<bndbox>
			<xmin>101</xmin>
			<ymin>22</ymin>
			<xmax>702</xmax>
			<ymax>294</ymax>
		</bndbox>
	</object>
	<object>
		<name>keep_left</name>
		<pose>Unspecified</pose>
		<truncated>0</truncated>
		<difficult>0</difficult>
		<bndbox>
			<xmin>76</xmin>
			<ymin>332</ymin>
			<xmax>288</xmax>
			<ymax>571</ymax>
		</bndbox>
	</object>
	<object>
		<name>straight</name>
		<pose>Unspecified</pose>
		<truncated>0</truncated>
		<difficult>0</difficult>
		<bndbox>
			<xmin>317</xmin>
			<ymin>340</ymin>
			<xmax>486</xmax>
			<ymax>548</ymax>
		</bndbox>
	</object>
	<object>
		<name>keep_right</name>
		<pose>Unspecified</pose>
		<truncated>0</truncated>
		<difficult>0</difficult>
		<bndbox>
			<xmin>494</xmin>
			<ymin>342</ymin>
			<xmax>721</xmax>
			<ymax>554</ymax>
		</bndbox>
	</object>
</annotation>
