<annotation>
	<folder>My labelled images</folder>
	<filename>1214.jpg</filename>
	<path>C:\Surendra New PC\Surendra User\Personal\Learning folder\Machine Learning\DT UK ML\images\My labelled images\1214.jpg</path>
	<source>
		<database>Unknown</database>
	</source>
	<size>
		<width>800</width>
		<height>600</height>
		<depth>3</depth>
	</size>
	<segmented>0</segmented>
	<object>
		<name>stop</name>
		<pose>Unspecified</pose>
		<truncated>0</truncated>
		<difficult>0</difficult>
		<bndbox>
			<xmin>190</xmin>
			<ymin>201</ymin>
			<xmax>349</xmax>
			<ymax>302</ymax>
		</bndbox>
	</object>
	<object>
		<name>4way</name>
		<pose>Unspecified</pose>
		<truncated>0</truncated>
		<difficult>0</difficult>
		<bndbox>
			<xmin>228</xmin>
			<ymin>300</ymin>
			<xmax>337</xmax>
			<ymax>347</ymax>
		</bndbox>
	</object>
</annotation>
