<annotation>
	<folder>My labelled images</folder>
	<filename>1225.jpg</filename>
	<path>C:\Surendra New PC\Surendra User\Personal\Learning folder\Machine Learning\DT UK ML\images\My labelled images\1225.jpg</path>
	<source>
		<database>Unknown</database>
	</source>
	<size>
		<width>800</width>
		<height>600</height>
		<depth>3</depth>
	</size>
	<segmented>0</segmented>
	<object>
		<name>speed_30</name>
		<pose>Unspecified</pose>
		<truncated>0</truncated>
		<difficult>0</difficult>
		<bndbox>
			<xmin>52</xmin>
			<ymin>2</ymin>
			<xmax>168</xmax>
			<ymax>92</ymax>
		</bndbox>
	</object>
	<object>
		<name>zone_ends</name>
		<pose>Unspecified</pose>
		<truncated>0</truncated>
		<difficult>0</difficult>
		<bndbox>
			<xmin>35</xmin>
			<ymin>95</ymin>
			<xmax>148</xmax>
			<ymax>134</ymax>
		</bndbox>
	</object>
</annotation>
