<annotation>
	<folder>My labelled images</folder>
	<filename>1246.jpg</filename>
	<path>C:\Surendra New PC\Surendra User\Personal\Learning folder\Machine Learning\DT UK ML\images\My labelled images\1246.jpg</path>
	<source>
		<database>Unknown</database>
	</source>
	<size>
		<width>800</width>
		<height>600</height>
		<depth>3</depth>
	</size>
	<segmented>0</segmented>
	<object>
		<name>no_entry</name>
		<pose>Unspecified</pose>
		<truncated>0</truncated>
		<difficult>0</difficult>
		<bndbox>
			<xmin>638</xmin>
			<ymin>91</ymin>
			<xmax>760</xmax>
			<ymax>220</ymax>
		</bndbox>
	</object>
	<object>
		<name>bike_parking</name>
		<pose>Unspecified</pose>
		<truncated>0</truncated>
		<difficult>0</difficult>
		<bndbox>
			<xmin>635</xmin>
			<ymin>218</ymin>
			<xmax>756</xmax>
			<ymax>286</ymax>
		</bndbox>
	</object>
</annotation>
