<annotation>
	<folder>My labelled images</folder>
	<filename>1248.jpg</filename>
	<path>C:\Surendra New PC\Surendra User\Personal\Learning folder\Machine Learning\DT UK ML\images\My labelled images\1248.jpg</path>
	<source>
		<database>Unknown</database>
	</source>
	<size>
		<width>800</width>
		<height>600</height>
		<depth>3</depth>
	</size>
	<segmented>0</segmented>
	<object>
		<name>red_light</name>
		<pose>Unspecified</pose>
		<truncated>0</truncated>
		<difficult>0</difficult>
		<bndbox>
			<xmin>435</xmin>
			<ymin>97</ymin>
			<xmax>487</xmax>
			<ymax>145</ymax>
		</bndbox>
	</object>
	<object>
		<name>green_light</name>
		<pose>Unspecified</pose>
		<truncated>0</truncated>
		<difficult>0</difficult>
		<bndbox>
			<xmin>287</xmin>
			<ymin>435</ymin>
			<xmax>341</xmax>
			<ymax>483</ymax>
		</bndbox>
	</object>
</annotation>
