<annotation>
	<folder>My labelled images</folder>
	<filename>1258.jpg</filename>
	<path>C:\Surendra New PC\Surendra User\Personal\Learning folder\Machine Learning\DT UK ML\images\My labelled images\1258.jpg</path>
	<source>
		<database>Unknown</database>
	</source>
	<size>
		<width>800</width>
		<height>600</height>
		<depth>3</depth>
	</size>
	<segmented>0</segmented>
	<object>
		<name>yellow_light</name>
		<pose>Unspecified</pose>
		<truncated>0</truncated>
		<difficult>0</difficult>
		<bndbox>
			<xmin>460</xmin>
			<ymin>229</ymin>
			<xmax>490</xmax>
			<ymax>266</ymax>
		</bndbox>
	</object>
	<object>
		<name>yellow_light</name>
		<pose>Unspecified</pose>
		<truncated>0</truncated>
		<difficult>0</difficult>
		<bndbox>
			<xmin>598</xmin>
			<ymin>358</ymin>
			<xmax>623</xmax>
			<ymax>384</ymax>
		</bndbox>
	</object>
</annotation>
