<annotation>
	<folder>My labelled images</folder>
	<filename>1259.jpg</filename>
	<path>C:\Surendra New PC\Surendra User\Personal\Learning folder\Machine Learning\DT UK ML\images\My labelled images\1259.jpg</path>
	<source>
		<database>Unknown</database>
	</source>
	<size>
		<width>800</width>
		<height>600</height>
		<depth>3</depth>
	</size>
	<segmented>0</segmented>
	<object>
		<name>men_at_work</name>
		<pose>Unspecified</pose>
		<truncated>0</truncated>
		<difficult>0</difficult>
		<bndbox>
			<xmin>277</xmin>
			<ymin>85</ymin>
			<xmax>682</xmax>
			<ymax>295</ymax>
		</bndbox>
	</object>
	<object>
		<name>road_narrow_on_bothside</name>
		<pose>Unspecified</pose>
		<truncated>0</truncated>
		<difficult>0</difficult>
		<bndbox>
			<xmin>322</xmin>
			<ymin>310</ymin>
			<xmax>606</xmax>
			<ymax>480</ymax>
		</bndbox>
	</object>
</annotation>
