<annotation>
	<folder>My labelled images</folder>
	<filename>1263.jpg</filename>
	<path>C:\Surendra New PC\Surendra User\Personal\Learning folder\Machine Learning\DT UK ML\images\My labelled images\1263.jpg</path>
	<source>
		<database>Unknown</database>
	</source>
	<size>
		<width>800</width>
		<height>600</height>
		<depth>3</depth>
	</size>
	<segmented>0</segmented>
	<object>
		<name>red_light</name>
		<pose>Unspecified</pose>
		<truncated>0</truncated>
		<difficult>0</difficult>
		<bndbox>
			<xmin>615</xmin>
			<ymin>95</ymin>
			<xmax>675</xmax>
			<ymax>176</ymax>
		</bndbox>
	</object>
	<object>
		<name>cycle_route</name>
		<pose>Unspecified</pose>
		<truncated>0</truncated>
		<difficult>0</difficult>
		<bndbox>
			<xmin>187</xmin>
			<ymin>299</ymin>
			<xmax>245</xmax>
			<ymax>357</ymax>
		</bndbox>
	</object>
</annotation>
