<annotation>
	<folder>My labelled images</folder>
	<filename>1268.jpg</filename>
	<path>C:\Surendra New PC\Surendra User\Personal\Learning folder\Machine Learning\DT UK ML\images\My labelled images\1268.jpg</path>
	<source>
		<database>Unknown</database>
	</source>
	<size>
		<width>800</width>
		<height>600</height>
		<depth>3</depth>
	</size>
	<segmented>0</segmented>
	<object>
		<name>yellow_light</name>
		<pose>Unspecified</pose>
		<truncated>0</truncated>
		<difficult>0</difficult>
		<bndbox>
			<xmin>315</xmin>
			<ymin>387</ymin>
			<xmax>344</xmax>
			<ymax>414</ymax>
		</bndbox>
	</object>
	<object>
		<name>no_left_turn</name>
		<pose>Unspecified</pose>
		<truncated>0</truncated>
		<difficult>0</difficult>
		<bndbox>
			<xmin>291</xmin>
			<ymin>340</ymin>
			<xmax>337</xmax>
			<ymax>374</ymax>
		</bndbox>
	</object>
</annotation>
