<annotation>
	<folder>My labelled images</folder>
	<filename>1270.jpg</filename>
	<path>C:\Surendra New PC\Surendra User\Personal\Learning folder\Machine Learning\DT UK ML\images\My labelled images\1270.jpg</path>
	<source>
		<database>Unknown</database>
	</source>
	<size>
		<width>800</width>
		<height>600</height>
		<depth>3</depth>
	</size>
	<segmented>0</segmented>
	<object>
		<name>roundabout_ahead</name>
		<pose>Unspecified</pose>
		<truncated>0</truncated>
		<difficult>0</difficult>
		<bndbox>
			<xmin>240</xmin>
			<ymin>116</ymin>
			<xmax>564</xmax>
			<ymax>376</ymax>
		</bndbox>
	</object>
	<object>
		<name>traffic_circle</name>
		<pose>Unspecified</pose>
		<truncated>0</truncated>
		<difficult>0</difficult>
		<bndbox>
			<xmin>311</xmin>
			<ymin>409</ymin>
			<xmax>508</xmax>
			<ymax>534</ymax>
		</bndbox>
	</object>
</annotation>
