<annotation>
	<folder>My labelled images</folder>
	<filename>1286.jpg</filename>
	<path>C:\Surendra New PC\Surendra User\Personal\Learning folder\Machine Learning\DT UK ML\images\My labelled images\1286.jpg</path>
	<source>
		<database>Unknown</database>
	</source>
	<size>
		<width>800</width>
		<height>600</height>
		<depth>3</depth>
	</size>
	<segmented>0</segmented>
	<object>
		<name>beware_snakes</name>
		<pose>Unspecified</pose>
		<truncated>0</truncated>
		<difficult>0</difficult>
		<bndbox>
			<xmin>432</xmin>
			<ymin>294</ymin>
			<xmax>702</xmax>
			<ymax>532</ymax>
		</bndbox>
	</object>
	<object>
		<name>stay_off_dunes</name>
		<pose>Unspecified</pose>
		<truncated>0</truncated>
		<difficult>0</difficult>
		<bndbox>
			<xmin>444</xmin>
			<ymin>39</ymin>
			<xmax>704</xmax>
			<ymax>271</ymax>
		</bndbox>
	</object>
</annotation>
