<annotation>
	<folder>My labelled images</folder>
	<filename>1287.jpg</filename>
	<path>C:\Surendra New PC\Surendra User\Personal\Learning folder\Machine Learning\DT UK ML\images\My labelled images\1287.jpg</path>
	<source>
		<database>Unknown</database>
	</source>
	<size>
		<width>800</width>
		<height>600</height>
		<depth>3</depth>
	</size>
	<segmented>0</segmented>
	<object>
		<name>pedestrian_crossing_green</name>
		<pose>Unspecified</pose>
		<truncated>0</truncated>
		<difficult>0</difficult>
		<bndbox>
			<xmin>278</xmin>
			<ymin>156</ymin>
			<xmax>362</xmax>
			<ymax>214</ymax>
		</bndbox>
	</object>
	<object>
		<name>pedestrian_crossing_red</name>
		<pose>Unspecified</pose>
		<truncated>0</truncated>
		<difficult>0</difficult>
		<bndbox>
			<xmin>579</xmin>
			<ymin>318</ymin>
			<xmax>627</xmax>
			<ymax>346</ymax>
		</bndbox>
	</object>
</annotation>
