<annotation>
	<folder>My labelled images</folder>
	<filename>1289.jpg</filename>
	<path>C:\Surendra New PC\Surendra User\Personal\Learning folder\Machine Learning\DT UK ML\images\My labelled images\1289.jpg</path>
	<source>
		<database>Unknown</database>
	</source>
	<size>
		<width>800</width>
		<height>600</height>
		<depth>3</depth>
	</size>
	<segmented>0</segmented>
	<object>
		<name>exit</name>
		<pose>Unspecified</pose>
		<truncated>0</truncated>
		<difficult>0</difficult>
		<bndbox>
			<xmin>466</xmin>
			<ymin>121</ymin>
			<xmax>553</xmax>
			<ymax>157</ymax>
		</bndbox>
	</object>
	<object>
		<name>exit</name>
		<pose>Unspecified</pose>
		<truncated>0</truncated>
		<difficult>0</difficult>
		<bndbox>
			<xmin>387</xmin>
			<ymin>248</ymin>
			<xmax>550</xmax>
			<ymax>289</ymax>
		</bndbox>
	</object>
</annotation>
