<annotation>
	<folder>My labelled images</folder>
	<filename>1303.jpg</filename>
	<path>C:\Surendra New PC\Surendra User\Personal\Learning folder\Machine Learning\DT UK ML\images\My labelled images\1303.jpg</path>
	<source>
		<database>Unknown</database>
	</source>
	<size>
		<width>800</width>
		<height>600</height>
		<depth>3</depth>
	</size>
	<segmented>0</segmented>
	<object>
		<name>stop</name>
		<pose>Unspecified</pose>
		<truncated>0</truncated>
		<difficult>0</difficult>
		<bndbox>
			<xmin>67</xmin>
			<ymin>38</ymin>
			<xmax>743</xmax>
			<ymax>417</ymax>
		</bndbox>
	</object>
	<object>
		<name>all_way</name>
		<pose>Unspecified</pose>
		<truncated>0</truncated>
		<difficult>0</difficult>
		<bndbox>
			<xmin>112</xmin>
			<ymin>446</ymin>
			<xmax>671</xmax>
			<ymax>591</ymax>
		</bndbox>
	</object>
</annotation>
