<annotation>
	<folder>My labelled images</folder>
	<filename>1312.jpg</filename>
	<path>C:\Surendra New PC\Surendra User\Personal\Learning folder\Machine Learning\DT UK ML\images\My labelled images\1312.jpg</path>
	<source>
		<database>Unknown</database>
	</source>
	<size>
		<width>800</width>
		<height>600</height>
		<depth>3</depth>
	</size>
	<segmented>0</segmented>
	<object>
		<name>stop</name>
		<pose>Unspecified</pose>
		<truncated>0</truncated>
		<difficult>0</difficult>
		<bndbox>
			<xmin>627</xmin>
			<ymin>215</ymin>
			<xmax>719</xmax>
			<ymax>306</ymax>
		</bndbox>
	</object>
	<object>
		<name>all_way</name>
		<pose>Unspecified</pose>
		<truncated>0</truncated>
		<difficult>0</difficult>
		<bndbox>
			<xmin>636</xmin>
			<ymin>309</ymin>
			<xmax>713</xmax>
			<ymax>336</ymax>
		</bndbox>
	</object>
</annotation>
