<annotation>
	<folder>My labelled images</folder>
	<filename>1318.jpg</filename>
	<path>C:\Surendra New PC\Surendra User\Personal\Learning folder\Machine Learning\DT UK ML\images\My labelled images\1318.jpg</path>
	<source>
		<database>Unknown</database>
	</source>
	<size>
		<width>800</width>
		<height>600</height>
		<depth>3</depth>
	</size>
	<segmented>0</segmented>
	<object>
		<name>left_only</name>
		<pose>Unspecified</pose>
		<truncated>0</truncated>
		<difficult>0</difficult>
		<bndbox>
			<xmin>554</xmin>
			<ymin>373</ymin>
			<xmax>637</xmax>
			<ymax>500</ymax>
		</bndbox>
	</object>
	<object>
		<name>straight_only</name>
		<pose>Unspecified</pose>
		<truncated>0</truncated>
		<difficult>0</difficult>
		<bndbox>
			<xmin>649</xmin>
			<ymin>341</ymin>
			<xmax>717</xmax>
			<ymax>494</ymax>
		</bndbox>
	</object>
</annotation>
