<annotation>
	<folder>My labelled images</folder>
	<filename>1322.jpg</filename>
	<path>C:\Surendra New PC\Surendra User\Personal\Learning folder\Machine Learning\DT UK ML\images\My labelled images\1322.jpg</path>
	<source>
		<database>Unknown</database>
	</source>
	<size>
		<width>800</width>
		<height>600</height>
		<depth>3</depth>
	</size>
	<segmented>0</segmented>
	<object>
		<name>red_light</name>
		<pose>Unspecified</pose>
		<truncated>0</truncated>
		<difficult>0</difficult>
		<bndbox>
			<xmin>662</xmin>
			<ymin>192</ymin>
			<xmax>728</xmax>
			<ymax>284</ymax>
		</bndbox>
	</object>
	<object>
		<name>green_light</name>
		<pose>Unspecified</pose>
		<truncated>0</truncated>
		<difficult>0</difficult>
		<bndbox>
			<xmin>39</xmin>
			<ymin>381</ymin>
			<xmax>70</xmax>
			<ymax>438</ymax>
		</bndbox>
	</object>
</annotation>
