<annotation>
	<folder>My labelled images</folder>
	<filename>1330.jpg</filename>
	<path>C:\Surendra New PC\Surendra User\Personal\Learning folder\Machine Learning\DT UK ML\images\My labelled images\1330.jpg</path>
	<source>
		<database>Unknown</database>
	</source>
	<size>
		<width>800</width>
		<height>600</height>
		<depth>3</depth>
	</size>
	<segmented>0</segmented>
	<object>
		<name>clinics</name>
		<pose>Unspecified</pose>
		<truncated>0</truncated>
		<difficult>0</difficult>
		<bndbox>
			<xmin>217</xmin>
			<ymin>344</ymin>
			<xmax>379</xmax>
			<ymax>450</ymax>
		</bndbox>
	</object>
	<object>
		<name>museum</name>
		<pose>Unspecified</pose>
		<truncated>0</truncated>
		<difficult>0</difficult>
		<bndbox>
			<xmin>192</xmin>
			<ymin>106</ymin>
			<xmax>396</xmax>
			<ymax>278</ymax>
		</bndbox>
	</object>
	<object>
		<name>church</name>
		<pose>Unspecified</pose>
		<truncated>0</truncated>
		<difficult>0</difficult>
		<bndbox>
			<xmin>148</xmin>
			<ymin>282</ymin>
			<xmax>377</xmax>
			<ymax>341</ymax>
		</bndbox>
	</object>
	<object>
		<name>black_house</name>
		<pose>Unspecified</pose>
		<truncated>0</truncated>
		<difficult>0</difficult>
		<bndbox>
			<xmin>420</xmin>
			<ymin>188</ymin>
			<xmax>684</xmax>
			<ymax>291</ymax>
		</bndbox>
	</object>
</annotation>
