<annotation>
	<folder>My labelled images</folder>
	<filename>1335.jpg</filename>
	<path>C:\Surendra New PC\Surendra User\Personal\Learning folder\Machine Learning\DT UK ML\images\My labelled images\1335.jpg</path>
	<source>
		<database>Unknown</database>
	</source>
	<size>
		<width>800</width>
		<height>600</height>
		<depth>3</depth>
	</size>
	<segmented>0</segmented>
	<object>
		<name>no_left_turn</name>
		<pose>Unspecified</pose>
		<truncated>0</truncated>
		<difficult>0</difficult>
		<bndbox>
			<xmin>226</xmin>
			<ymin>46</ymin>
			<xmax>536</xmax>
			<ymax>211</ymax>
		</bndbox>
	</object>
	<object>
		<name>danger_bull_demonstration</name>
		<pose>Unspecified</pose>
		<truncated>0</truncated>
		<difficult>0</difficult>
		<bndbox>
			<xmin>207</xmin>
			<ymin>184</ymin>
			<xmax>498</xmax>
			<ymax>375</ymax>
		</bndbox>
	</object>
</annotation>
