<annotation>
	<folder>My labelled images</folder>
	<filename>1356.jpg</filename>
	<path>C:\Surendra New PC\Surendra User\Personal\Learning folder\Machine Learning\DT UK ML\images\My labelled images\1356.jpg</path>
	<source>
		<database>Unknown</database>
	</source>
	<size>
		<width>800</width>
		<height>600</height>
		<depth>3</depth>
	</size>
	<segmented>0</segmented>
	<object>
		<name>emergency_exit</name>
		<pose>Unspecified</pose>
		<truncated>0</truncated>
		<difficult>0</difficult>
		<bndbox>
			<xmin>107</xmin>
			<ymin>104</ymin>
			<xmax>195</xmax>
			<ymax>183</ymax>
		</bndbox>
	</object>
	<object>
		<name>emergency_exit</name>
		<pose>Unspecified</pose>
		<truncated>0</truncated>
		<difficult>0</difficult>
		<bndbox>
			<xmin>582</xmin>
			<ymin>185</ymin>
			<xmax>647</xmax>
			<ymax>247</ymax>
		</bndbox>
	</object>
</annotation>
