<annotation>
	<folder>My labelled images</folder>
	<filename>1363.jpg</filename>
	<path>C:\Surendra New PC\Surendra User\Personal\Learning folder\Machine Learning\DT UK ML\images\My labelled images\1363.jpg</path>
	<source>
		<database>Unknown</database>
	</source>
	<size>
		<width>800</width>
		<height>600</height>
		<depth>3</depth>
	</size>
	<segmented>0</segmented>
	<object>
		<name>red_light</name>
		<pose>Unspecified</pose>
		<truncated>0</truncated>
		<difficult>0</difficult>
		<bndbox>
			<xmin>184</xmin>
			<ymin>373</ymin>
			<xmax>227</xmax>
			<ymax>415</ymax>
		</bndbox>
	</object>
	<object>
		<name>red_light</name>
		<pose>Unspecified</pose>
		<truncated>0</truncated>
		<difficult>0</difficult>
		<bndbox>
			<xmin>227</xmin>
			<ymin>379</ymin>
			<xmax>255</xmax>
			<ymax>417</ymax>
		</bndbox>
	</object>
	<object>
		<name>green_light</name>
		<pose>Unspecified</pose>
		<truncated>0</truncated>
		<difficult>0</difficult>
		<bndbox>
			<xmin>691</xmin>
			<ymin>492</ymin>
			<xmax>724</xmax>
			<ymax>531</ymax>
		</bndbox>
	</object>
</annotation>
