<annotation>
	<folder>My labelled images</folder>
	<filename>1376.jpg</filename>
	<path>C:\Surendra New PC\Surendra User\Personal\Learning folder\Machine Learning\DT UK ML\images\My labelled images\1376.jpg</path>
	<source>
		<database>Unknown</database>
	</source>
	<size>
		<width>800</width>
		<height>600</height>
		<depth>3</depth>
	</size>
	<segmented>0</segmented>
	<object>
		<name>stop</name>
		<pose>Unspecified</pose>
		<truncated>0</truncated>
		<difficult>0</difficult>
		<bndbox>
			<xmin>675</xmin>
			<ymin>384</ymin>
			<xmax>760</xmax>
			<ymax>476</ymax>
		</bndbox>
	</object>
	<object>
		<name>right_turn_only</name>
		<pose>Unspecified</pose>
		<truncated>0</truncated>
		<difficult>0</difficult>
		<bndbox>
			<xmin>663</xmin>
			<ymin>246</ymin>
			<xmax>757</xmax>
			<ymax>331</ymax>
		</bndbox>
	</object>
</annotation>
