<annotation>
	<folder>My labelled images</folder>
	<filename>1384.jpg</filename>
	<path>C:\Surendra New PC\Surendra User\Personal\Learning folder\Machine Learning\DT UK ML\images\My labelled images\1384.jpg</path>
	<source>
		<database>Unknown</database>
	</source>
	<size>
		<width>800</width>
		<height>600</height>
		<depth>3</depth>
	</size>
	<segmented>0</segmented>
	<object>
		<name>residents_only</name>
		<pose>Unspecified</pose>
		<truncated>0</truncated>
		<difficult>0</difficult>
		<bndbox>
			<xmin>441</xmin>
			<ymin>241</ymin>
			<xmax>539</xmax>
			<ymax>306</ymax>
		</bndbox>
	</object>
	<object>
		<name>no_authorized_vehicles</name>
		<pose>Unspecified</pose>
		<truncated>0</truncated>
		<difficult>0</difficult>
		<bndbox>
			<xmin>97</xmin>
			<ymin>230</ymin>
			<xmax>230</xmax>
			<ymax>290</ymax>
		</bndbox>
	</object>
</annotation>
