<annotation>
	<folder>My labelled images</folder>
	<filename>1385.jpg</filename>
	<path>C:\Surendra New PC\Surendra User\Personal\Learning folder\Machine Learning\DT UK ML\images\My labelled images\1385.jpg</path>
	<source>
		<database>Unknown</database>
	</source>
	<size>
		<width>800</width>
		<height>600</height>
		<depth>3</depth>
	</size>
	<segmented>0</segmented>
	<object>
		<name>exit</name>
		<pose>Unspecified</pose>
		<truncated>0</truncated>
		<difficult>0</difficult>
		<bndbox>
			<xmin>346</xmin>
			<ymin>237</ymin>
			<xmax>491</xmax>
			<ymax>274</ymax>
		</bndbox>
	</object>
	<object>
		<name>exit_left</name>
		<pose>Unspecified</pose>
		<truncated>0</truncated>
		<difficult>0</difficult>
		<bndbox>
			<xmin>342</xmin>
			<ymin>364</ymin>
			<xmax>487</xmax>
			<ymax>406</ymax>
		</bndbox>
	</object>
</annotation>
