<annotation>
	<folder>My labelled images</folder>
	<filename>1386.jpg</filename>
	<path>C:\Surendra New PC\Surendra User\Personal\Learning folder\Machine Learning\DT UK ML\images\My labelled images\1386.jpg</path>
	<source>
		<database>Unknown</database>
	</source>
	<size>
		<width>800</width>
		<height>600</height>
		<depth>3</depth>
	</size>
	<segmented>0</segmented>
	<object>
		<name>red_light</name>
		<pose>Unspecified</pose>
		<truncated>0</truncated>
		<difficult>0</difficult>
		<bndbox>
			<xmin>57</xmin>
			<ymin>397</ymin>
			<xmax>96</xmax>
			<ymax>445</ymax>
		</bndbox>
	</object>
	<object>
		<name>red_light</name>
		<pose>Unspecified</pose>
		<truncated>0</truncated>
		<difficult>0</difficult>
		<bndbox>
			<xmin>751</xmin>
			<ymin>364</ymin>
			<xmax>792</xmax>
			<ymax>417</ymax>
		</bndbox>
	</object>
	<object>
		<name>red_light</name>
		<pose>Unspecified</pose>
		<truncated>0</truncated>
		<difficult>0</difficult>
		<bndbox>
			<xmin>432</xmin>
			<ymin>169</ymin>
			<xmax>457</xmax>
			<ymax>213</ymax>
		</bndbox>
	</object>
	<object>
		<name>red_light</name>
		<pose>Unspecified</pose>
		<truncated>0</truncated>
		<difficult>0</difficult>
		<bndbox>
			<xmin>478</xmin>
			<ymin>127</ymin>
			<xmax>521</xmax>
			<ymax>188</ymax>
		</bndbox>
	</object>
	<object>
		<name>red_light</name>
		<pose>Unspecified</pose>
		<truncated>0</truncated>
		<difficult>0</difficult>
		<bndbox>
			<xmin>626</xmin>
			<ymin>125</ymin>
			<xmax>707</xmax>
			<ymax>222</ymax>
		</bndbox>
	</object>
</annotation>
